Timestamp,Signal_Quality,Attention,Meditation,Delta,Theta,Low_Alpha,High_Alpha,Low_Beta,High_Beta,Low_Gamma,Mid_Gamma
2026-03-30 20:42:45,51,57,70,1710965,70462,45263,17774,39326,18544,11601,8771
2026-03-30 20:42:46,0,66,56,3085550,540093,38345,63737,99708,63330,40809,20855
2026-03-30 20:42:47,0,84,43,1463553,246684,77699,20004,31912,70029,14230,4613
2026-03-30 20:42:48,0,77,54,1334230,35268,83952,15820,10858,10329,5046,2879
2026-03-30 20:42:49,0,56,35,1204582,131724,4409,30968,30477,17157,21413,4011
2026-03-30 20:42:50,0,54,41,1210460,714299,56206,187976,191362,91718,70109,45629
2026-03-30 20:42:51,0,41,41,194920,17122,4541,2063,2445,1534,2136,647
2026-03-30 20:43:15,51,0,0,198782,120869,8676,39571,40946,7144,1349,3678
2026-03-30 20:43:16,0,0,0,653764,340654,173766,195720,204593,24075,14403,12681
2026-03-30 20:43:17,0,0,0,2442738,254995,83388,47355,218920,80971,37318,9117
2026-03-30 20:43:18,25,0,0,135723,39205,4790,2753,3470,1513,722,744
2026-03-30 20:43:19,26,0,0,629004,14217,4262,17881,7069,4115,660,661
2026-03-30 20:43:20,0,0,0,1814902,360742,149871,58059,92267,52454,26101,19841
2026-03-30 20:43:21,0,51,26,1026895,110014,45008,33204,11939,17305,2216,1962
2026-03-30 20:43:22,0,48,53,1899206,418669,354746,277565,115605,151795,18442,21250
2026-03-30 20:43:30,0,48,77,370552,283199,22244,47409,25158,7944,3109,2880
2026-03-30 20:43:31,0,48,80,904801,264928,410555,68490,32437,80756,7375,19210
2026-03-30 20:43:32,0,47,90,1727273,215756,170244,98734,27249,55624,21546,5285
2026-03-30 20:43:33,0,41,77,1159860,267206,97047,90326,74166,33756,12790,7237
2026-03-30 20:43:34,0,60,84,1274671,114787,35777,17602,13878,17560,3120,4970
2026-03-30 20:43:35,0,47,56,350465,119312,27725,9216,8949,5917,2795,2043
2026-03-30 20:43:36,0,47,44,1174811,113681,22962,60781,28546,23947,4181,4853
2026-03-30 20:43:37,0,51,57,643671,36004,59974,29581,32071,16119,2042,2381
2026-03-30 20:43:38,0,41,48,1389667,781414,87018,120982,71609,48433,24957,16480
2026-03-30 20:43:39,0,60,70,1157003,20394,31079,13705,14750,11028,1461,3235
2026-03-30 20:43:40,0,54,80,1651614,273890,94817,241470,79987,51227,23656,5217
2026-03-30 20:43:41,0,51,81,2175456,1180719,1405330,585095,473162,277813,49968,38879
2026-03-30 20:43:42,0,40,74,184782,274025,24479,4668,5397,5201,1670,3216
2026-03-30 20:43:43,0,21,80,716567,46682,63737,20124,4888,4826,5143,1782
2026-03-30 20:43:44,0,13,56,2241624,897759,161462,60209,102253,46248,14057,6595
2026-03-30 20:43:45,0,1,44,1600457,848665,478413,30733,99291,34959,17308,6994
2026-03-30 20:43:46,0,16,70,601053,77422,10909,49959,17326,11241,4586,1092
2026-03-30 20:43:47,0,29,40,544469,92936,5501,15994,6742,13057,7628,6931
2026-03-30 20:43:48,0,29,38,139466,180623,7782,26964,13072,8443,6050,1842
2026-03-30 20:43:49,0,56,34,1607996,28719,10880,12011,13103,11948,3385,1363
2026-03-30 20:43:50,0,43,20,294332,153390,34175,6789,7470,4118,1840,1026
2026-03-30 20:43:51,0,35,30,218163,76014,23361,16800,21162,6803,4747,5597
2026-03-30 20:43:52,0,35,57,968390,49845,38849,34578,13744,5560,4451,832
2026-03-30 20:43:53,0,24,44,681414,445668,23972,85170,106909,54143,8893,9955
2026-03-30 20:43:54,0,40,43,753317,238500,44383,32717,90579,27929,10126,9565
2026-03-30 20:43:55,0,43,47,788766,74430,4727,32597,5838,8135,2616,1746
2026-03-30 20:43:56,0,34,16,1192572,415342,25618,51306,35503,9981,22070,4922
2026-03-30 20:43:57,0,29,37,165933,342944,162075,70183,14889,42871,23161,4190
2026-03-30 20:43:58,0,11,37,2367180,604390,63136,88184,38972,14339,13141,3697
2026-03-30 20:43:59,0,17,40,291731,50843,30497,14133,7287,10402,3205,2613
2026-03-30 20:44:00,0,27,69,1132409,79488,40589,82269,28236,8538,6226,3932
2026-03-30 20:44:01,0,17,70,958496,188765,121287,52320,53474,13311,20858,5799
2026-03-30 20:44:02,0,21,87,1657750,319537,125776,79347,19872,13468,5151,7413
2026-03-30 20:44:03,0,17,66,190532,88002,8594,9375,4193,8610,3848,2082
2026-03-30 20:44:04,0,24,64,764372,107299,105483,23402,27724,20413,8271,7971
2026-03-30 20:44:05,0,29,64,1448331,129289,72133,34367,13935,12936,5281,2374
2026-03-30 20:44:06,0,38,64,732568,49959,23443,9228,3915,4051,1682,2351
2026-03-30 20:44:07,0,30,74,1338545,252127,55584,41751,49543,15614,12667,9895
2026-03-30 20:44:08,0,24,53,492013,475175,101083,42030,33408,29133,6556,4568
2026-03-30 20:44:09,0,34,56,2387408,138985,107577,48282,25445,27549,5024,4954
2026-03-30 20:44:10,0,27,29,326236,108093,4369,5558,9583,3855,2046,967
2026-03-30 20:44:11,0,44,23,772424,296216,33786,33006,45199,69874,14828,9535
2026-03-30 20:44:12,0,43,10,168988,71216,3507,3030,5504,3179,1408,1947
2026-03-30 20:44:13,0,41,1,26448,17877,4461,3449,2152,2068,271,473
2026-03-30 20:44:14,0,56,7,673335,30037,3307,2686,5666,4453,1196,448
2026-03-30 20:44:15,0,35,35,1825434,461759,473023,323695,102422,38691,29096,11985
2026-03-30 20:44:16,0,24,44,1431878,454588,24346,64534,28353,11256,9715,2776
2026-03-30 20:44:17,0,17,51,2054215,350627,229570,30548,14184,30664,25427,5656
2026-03-30 20:44:18,0,8,74,114047,12688,6646,2779,1373,1045,884,264
2026-03-30 20:44:19,0,24,56,1323726,78014,57174,6749,61855,17769,8489,4410
2026-03-30 20:44:20,0,47,60,2028220,29084,1549,7450,9465,4388,1697,517
2026-03-30 20:44:21,25,47,60,2151612,272999,19084,7208,3680,8044,3502,1003
2026-03-30 20:44:22,25,47,60,1262,1081,98,7,23,20,10,3
2026-03-30 20:44:23,25,47,60,399076,39799,11652,2295,4151,2852,2001,1221
2026-03-30 20:44:24,0,53,64,1892907,59889,41661,26364,7541,11440,6667,2973
2026-03-30 20:44:25,25,53,64,531097,88990,13072,19846,11035,6013,5663,1777
2026-03-30 20:44:26,25,53,64,38434,75448,55397,19838,21902,47198,47988,15625
2026-03-30 20:44:27,25,53,64,678650,89011,74612,56739,52304,14945,10134,2978
2026-03-30 20:44:28,25,53,64,40,11,7,3,9,0,0,0
2026-03-30 20:44:29,25,53,64,85,15,7,17,20,17,4,7
2026-03-30 20:44:30,25,53,64,31,7,3,1,1,2,1,2
2026-03-30 20:44:31,0,78,64,6410,1573,1374,799,804,1430,490,86
2026-03-30 20:44:32,0,93,67,6073,4513,3913,3866,3588,6771,1957,1230
2026-03-30 20:44:33,0,100,75,23101,6320,1169,4915,5826,3758,6774,2774
2026-03-30 20:44:34,0,100,64,379468,180538,77477,26572,27383,20742,8776,3776
2026-03-30 20:44:35,0,96,60,327853,30021,22568,6053,16025,18530,7198,2490
2026-03-30 20:44:36,0,63,48,1711805,407131,46740,56578,22225,15049,3903,2975
2026-03-30 20:44:37,0,43,51,1057498,109246,35545,25270,12192,8668,2642,3392
2026-03-30 20:44:38,0,27,29,188983,272975,10667,16780,5975,7119,6266,4417
2026-03-30 20:44:39,0,14,29,1620630,69288,11771,26319,11530,11801,6505,3323
2026-03-30 20:44:40,0,20,35,676616,38387,8880,4600,2302,1954,2706,455
2026-03-30 20:44:41,0,20,17,885820,511182,29059,57305,52732,36664,14306,7479
2026-03-30 20:44:42,0,34,30,1441603,491187,132845,13552,31514,42754,43111,12552
2026-03-30 20:44:43,0,26,14,187354,149491,6180,15295,5913,9830,6050,3121
2026-03-30 20:44:44,0,38,7,886789,70525,6945,10205,13251,9739,5627,1104
2026-03-30 20:44:45,0,40,20,211987,44871,6505,9666,2636,3612,1323,1437
2026-03-30 20:44:46,0,35,27,199782,25108,11867,4106,4296,1861,1548,1767
2026-03-30 20:44:47,0,29,43,2339302,667042,69450,178569,77245,34931,20664,67407
2026-03-30 20:44:48,0,8,67,114358,80000,63526,37685,12145,3260,5859,5696
2026-03-30 20:44:49,0,10,66,932308,104029,21578,16212,8539,10313,7652,2611
2026-03-30 20:44:50,0,17,41,1064433,528021,12011,7671,64525,48185,14556,13165
2026-03-30 20:44:51,0,34,56,1534121,157294,56163,179050,92618,55102,59142,14140
2026-03-30 20:44:52,0,61,60,282256,20159,43083,17913,9502,16041,5260,4726
2026-03-30 20:44:53,0,60,69,1011107,83247,18247,25997,4177,7757,3357,2775
2026-03-30 20:44:54,0,50,100,743654,166508,61756,36054,7921,10410,13298,6468
2026-03-30 20:44:55,0,40,81,1015049,728742,38363,71594,48091,46810,28681,22428
2026-03-30 20:44:56,0,24,69,2031305,364672,180456,60649,95543,33867,41228,18613
2026-03-30 20:44:56,0,20,54,274131,100518,3879,8996,6601,4129,1417,1349
2026-03-30 20:44:57,0,27,50,47311,45213,13283,3472,5240,4694,2368,1064
2026-03-30 20:44:58,0,38,67,629882,122516,77436,32142,16847,35194,26326,16267
2026-03-30 20:44:59,0,44,74,2103913,129752,96328,26631,16258,25743,38257,15331
2026-03-30 20:45:01,0,48,91,226310,24913,7264,11640,1404,2443,1233,275
2026-03-30 20:45:01,0,43,100,1593064,38193,62732,12499,28964,5600,3308,8109
2026-03-30 20:45:02,0,26,88,650351,111997,4150,14007,13655,4078,4686,5392
2026-03-30 20:45:03,0,8,67,1136846,202662,13044,11863,9767,4214,3492,7174
2026-03-30 20:45:04,0,17,61,1038925,612161,132171,167290,182969,117565,43187,27838
2026-03-30 20:45:05,0,17,48,137901,57438,13838,7492,2353,3848,1325,649
2026-03-30 20:45:06,0,30,64,680354,52567,33817,18561,19250,10017,3934,3662
2026-03-30 20:45:07,0,41,75,1407159,874183,208176,123805,110057,64776,30305,17697
2026-03-30 20:45:08,0,27,64,783262,242779,21734,17069,4826,10767,2382,4829
2026-03-30 20:45:09,0,29,80,63587,19914,27342,4928,2820,3197,1961,707
2026-03-30 20:45:10,0,29,69,516192,63377,6269,13325,5524,9026,4740,3257
2026-03-30 20:45:11,0,30,57,1713734,290239,24751,7448,28333,16915,8557,2093
2026-03-30 20:45:12,0,37,70,1714902,567589,270891,59278,72145,52091,18149,16864
2026-03-30 20:45:13,0,37,44,1062264,138310,12040,6870,26453,9456,9396,5577
2026-03-30 20:45:14,0,27,63,707843,41479,24688,49370,12724,5638,7339,2744
2026-03-30 20:45:15,0,26,57,1968939,486983,17474,17694,66080,26641,15329,6442
2026-03-30 20:45:16,0,24,53,1444843,681655,136001,78496,20216,48488,32982,17092
2026-03-30 20:45:17,0,26,60,564685,144083,15750,22248,19379,11833,13573,2105
2026-03-30 20:45:18,0,41,40,1040439,95343,10312,17473,29024,20608,8368,5147
2026-03-30 20:45:19,0,41,53,249160,202092,28435,21143,22670,13196,8491,4667
2026-03-30 20:45:20,0,43,53,344814,100460,13018,19308,2479,8018,9386,5430
2026-03-30 20:45:21,0,35,61,880393,431545,119469,149519,78261,21535,25139,9403
2026-03-30 20:45:22,0,26,66,1800996,383278,63354,74645,51773,40056,24947,9211
2026-03-30 20:45:23,0,20,63,490119,373464,64088,4362,15992,13203,10829,6290
2026-03-30 20:45:24,0,20,70,625994,115321,70228,21266,26593,13146,3780,3333
2026-03-30 20:45:25,0,20,61,1712668,325010,37267,39544,32395,12861,11530,5902
2026-03-30 20:45:26,0,35,77,238654,5812,11507,2981,2598,4245,2298,842
2026-03-30 20:45:27,0,35,75,1030578,288090,37941,13480,29256,11074,4346,847
2026-03-30 20:45:28,0,27,69,934221,170374,44759,20140,7353,8737,9732,3203
2026-03-30 20:45:29,0,34,80,2196197,581162,325173,71796,98431,42038,25197,10210
2026-03-30 20:45:30,0,11,63,738050,802581,162845,51720,58729,43134,13567,8354
2026-03-30 20:45:31,0,20,67,962172,122542,17731,15218,17697,8310,5911,2068
2026-03-30 20:45:32,0,14,53,734478,1510286,55213,77100,123784,38799,21149,19954
2026-03-30 20:45:33,0,16,56,816540,144329,23579,111911,32940,14718,9258,4610
2026-03-30 20:45:34,0,35,56,400779,59860,16617,7008,8698,15157,4925,1658
2026-03-30 20:45:35,0,30,56,210583,15318,2607,1176,1302,930,455,171
2026-03-30 20:45:36,0,37,51,1090300,1076676,18574,54851,76107,40644,6840,10087
2026-03-30 20:45:37,0,47,44,1707922,38222,10520,18001,12574,8675,5169,2658
2026-03-30 20:45:38,0,30,43,136888,35446,5019,3428,2589,2213,702,582
2026-03-30 20:45:39,0,44,54,429375,59801,40079,14245,18816,14746,8645,6818
2026-03-30 20:45:40,0,56,81,1450937,282205,254565,26059,132870,50190,29100,12945
2026-03-30 20:45:41,0,40,74,524392,669678,69616,69788,9793,28073,14638,4626
2026-03-30 20:45:42,0,48,74,836855,190764,31131,21229,6732,23520,4564,1616
2026-03-30 20:45:43,0,48,54,707237,29192,3001,2534,6739,5386,1994,2043
2026-03-30 20:45:44,0,41,44,58161,40750,7178,2507,1294,2558,932,731
2026-03-30 20:45:45,0,50,44,1082653,122279,20184,11944,19356,10726,11054,3117
2026-03-30 20:45:46,0,60,47,687136,156013,53216,14368,56992,46020,25739,13866
2026-03-30 20:45:47,0,44,60,1247057,324027,153995,23993,63275,23202,22359,12934
2026-03-30 20:45:48,0,44,53,1388648,433705,44383,17602,31964,28533,12110,8852
2026-03-30 20:45:49,0,50,51,255989,26939,3115,4292,7055,3443,1070,1179
2026-03-30 20:45:50,0,41,57,216024,20620,2532,11881,6264,3678,2973,409
2026-03-30 20:45:51,0,47,38,367604,58580,433,3909,5451,4313,2485,1152
2026-03-30 20:45:52,0,53,54,550037,241947,145604,45782,75440,40722,12291,7229
2026-03-30 20:45:53,0,51,63,181222,34122,10654,7104,4466,3875,1620,272
2026-03-30 20:45:54,0,44,48,18738,10272,882,641,1103,708,658,99
2026-03-30 20:45:55,0,44,61,286158,40115,3347,5973,3052,3481,1059,2011
2026-03-30 20:45:56,0,34,48,860180,279415,26902,23004,4808,11647,5245,3676
2026-03-30 20:45:57,0,47,48,691466,31292,13645,15715,18976,14263,3834,3366
2026-03-30 20:45:58,0,43,41,304839,239258,12847,5473,7127,14042,13203,3184
2026-03-30 20:45:59,0,43,56,438277,20305,11291,11505,5714,2721,2005,729
2026-03-30 20:46:00,0,40,56,1420601,269969,25057,22679,5111,7767,10049,6375
2026-03-30 20:46:01,0,30,66,946634,14049,16414,7925,3547,4767,1246,821
2026-03-30 20:46:02,0,48,77,844593,137972,16266,25220,68616,35771,7618,1808
2026-03-30 20:46:03,0,53,69,137784,86197,25671,26204,16460,12519,7356,1922
2026-03-30 20:46:04,0,74,83,985639,9183,6636,2595,4130,2717,4435,593
2026-03-30 20:46:05,0,63,64,542731,141629,20530,10883,19688,8350,3345,3077
2026-03-30 20:46:06,0,44,67,662633,158051,23068,20429,21659,8483,5150,4002
2026-03-30 20:46:07,0,38,54,1418422,239699,14685,23909,15377,14546,6010,2829
2026-03-30 20:46:08,0,26,43,2530718,161063,21256,21172,24626,12057,4718,5210
2026-03-30 20:46:09,0,20,29,950290,298860,5169,13305,25025,9637,6955,2207
2026-03-30 20:46:10,0,29,26,2045642,382191,47698,31386,61851,45550,5305,5061
2026-03-30 20:46:11,0,26,40,88529,10308,1819,2834,918,565,534,318
2026-03-30 20:46:12,0,21,44,2381057,179314,25494,50269,31811,11022,7693,5927
2026-03-30 20:46:13,0,43,70,568807,39022,12151,38296,14200,14390,6581,2452
2026-03-30 20:46:14,0,41,77,716665,128806,29007,11906,23414,14913,7854,7087
2026-03-30 20:46:15,0,44,69,559668,274853,53063,17410,18610,17309,7701,3204
2026-03-30 20:46:16,26,44,69,2062509,35353,8617,3442,6078,2423,695,660
2026-03-30 20:46:17,0,61,66,185630,25383,3969,4342,1306,5351,771,442
2026-03-30 20:46:18,0,48,64,1120483,92399,46072,34123,25905,9641,2581,3919
2026-03-30 20:46:19,0,37,74,133202,8201,3572,1180,636,466,1617,220
2026-03-30 20:46:20,0,40,74,2987722,1243261,209906,193450,240265,109005,53350,16407
2026-03-30 20:46:21,0,35,78,1465690,73921,10631,27944,17414,10652,2816,1147
2026-03-30 20:46:22,0,30,70,1345748,51164,11495,8356,4248,2966,2882,643
2026-03-30 20:46:23,0,47,60,1712139,428240,60577,46160,66659,68377,19557,20853
2026-03-30 20:46:24,0,48,63,631902,90267,11084,23546,7924,10553,4533,4834
2026-03-30 20:46:25,0,40,54,1364719,840182,97672,80709,46868,56747,12956,27681
2026-03-30 20:46:26,0,48,50,828620,200755,12159,40475,19960,21177,6426,3995
2026-03-30 20:46:27,0,47,54,81795,8150,295,2269,792,1100,288,174
2026-03-30 20:46:28,0,38,56,741613,81737,28206,7947,7209,4682,5158,6200
2026-03-30 20:46:29,0,47,74,720370,44294,15447,35778,6807,8251,5413,1807
2026-03-30 20:46:30,0,38,56,1832033,1171738,46753,12614,90444,57052,18030,17790
2026-03-30 20:46:31,0,34,64,2520849,279592,174945,60303,54718,35020,21943,11872
2026-03-30 20:46:32,0,41,67,1049257,328444,133588,36079,18207,45030,31638,13873
2026-03-30 20:46:33,0,40,48,1710900,110033,18385,3681,10533,10561,3690,2990
2026-03-30 20:46:34,0,37,64,1416075,163905,29167,11146,15327,6644,4433,2484
2026-03-30 20:46:35,0,50,61,1252982,110024,64804,21518,53899,36544,16866,11790
2026-03-30 20:46:36,0,43,56,231544,44357,12862,1036,2073,2643,1324,599
2026-03-30 20:46:37,51,43,56,463739,4384,5236,3926,2512,722,489,126
2026-03-30 20:46:38,0,34,57,191220,55997,2481,10400,7558,2663,1368,248
2026-03-30 20:46:39,0,41,74,2314927,189940,187748,51301,97497,26019,74735,15278
2026-03-30 20:46:40,0,24,51,530508,891467,29220,30670,35417,48990,22749,7023
2026-03-30 20:46:41,0,14,47,1934592,970009,195735,28803,61949,26711,22053,5918
2026-03-30 20:46:42,0,17,47,281401,165169,21943,5207,6020,8544,3131,3782
2026-03-30 20:46:43,0,14,37,1950614,368103,137050,36973,69515,26403,32606,8795
2026-03-30 20:46:44,0,10,44,335547,692834,72335,26052,11052,26067,19090,7993
2026-03-30 20:46:45,0,26,40,2701316,501405,24947,42170,65233,45503,10945,13917
2026-03-30 20:46:46,0,34,50,640744,31935,15052,538,4561,3585,1645,431
